Trainer,Rating,Review
Trainer1,2,Trainer Trainer1 is not good! I would rate them 2/5.
Trainer1,1,Trainer Trainer1 is worst! I would rate them 1/5.
Trainer1,3,Trainer Trainer1 is good! I would rate them 3/5.
Trainer1,4,Trainer Trainer1 is great! I would rate them 4/5.
Trainer1,2,Trainer Trainer1 is not good! I would rate them 2/5.
Trainer2,3,Trainer Trainer2 is good! I would rate them 3/5.
Trainer2,4,Trainer Trainer2 is great! I would rate them 4/5.
Trainer2,2,Trainer Trainer2 is not good! I would rate them 2/5.
Trainer2,1,Trainer Trainer2 is worst! I would rate them 1/5.
Trainer2,2,Trainer Trainer2 is not good! I would rate them 2/5.
Trainer3,3,Trainer Trainer3 is good! I would rate them 3/5.
Trainer3,1,Trainer Trainer3 is worst! I would rate them 1/5.
Trainer3,2,Trainer Trainer3 is not good! I would rate them 2/5.
Trainer3,1,Trainer Trainer3 is worst! I would rate them 1/5.
Trainer3,3,Trainer Trainer3 is good! I would rate them 3/5.
Trainer4,4,Trainer Trainer4 is great! I would rate them 4/5.
Trainer4,5,Trainer Trainer4 is perfect and awesome! I would rate them 5/5.
Trainer4,2,Trainer Trainer4 is not good! I would rate them 2/5.
Trainer4,3,Trainer Trainer4 is good! I would rate them 3/5.
Trainer4,2,Trainer Trainer4 is not good! I would rate them 2/5.
Trainer5,1,Trainer Trainer5 is worst! I would rate them 1/5.
Trainer5,2,Trainer Trainer5 is not good! I would rate them 2/5.
Trainer5,1,Trainer Trainer5 is worst! I would rate them 1/5.
Trainer5,2,Trainer Trainer5 is not good! I would rate them 2/5.
Trainer5,5,Trainer Trainer5 is perfect and awesome! I would rate them 5/5.
Trainer6,5,Trainer Trainer6 is perfect and awesome! I would rate them 5/5.
Trainer6,2,Trainer Trainer6 is not good! I would rate them 2/5.
Trainer6,4,Trainer Trainer6 is great! I would rate them 4/5.
Trainer6,2,Trainer Trainer6 is not good! I would rate them 2/5.
Trainer6,3,Trainer Trainer6 is good! I would rate them 3/5.
Trainer7,4,Trainer Trainer7 is great! I would rate them 4/5.
Trainer7,1,Trainer Trainer7 is worst! I would rate them 1/5.
Trainer7,2,Trainer Trainer7 is not good! I would rate them 2/5.
Trainer7,5,Trainer Trainer7 is perfect and awesome! I would rate them 5/5.
Trainer7,3,Trainer Trainer7 is good! I would rate them 3/5.
Trainer8,1,Trainer Trainer8 is worst! I would rate them 1/5.
Trainer8,5,Trainer Trainer8 is perfect and awesome! I would rate them 5/5.
Trainer8,5,Trainer Trainer8 is perfect and awesome! I would rate them 5/5.
Trainer8,4,Trainer Trainer8 is great! I would rate them 4/5.
Trainer8,2,Trainer Trainer8 is not good! I would rate them 2/5.
Trainer9,2,Trainer Trainer9 is not good! I would rate them 2/5.
Trainer9,2,Trainer Trainer9 is not good! I would rate them 2/5.
Trainer9,5,Trainer Trainer9 is perfect and awesome! I would rate them 5/5.
Trainer9,2,Trainer Trainer9 is not good! I would rate them 2/5.
Trainer9,4,Trainer Trainer9 is great! I would rate them 4/5.
Trainer10,3,Trainer Trainer10 is good! I would rate them 3/5.
Trainer10,2,Trainer Trainer10 is not good! I would rate them 2/5.
Trainer10,1,Trainer Trainer10 is worst! I would rate them 1/5.
Trainer10,5,Trainer Trainer10 is perfect and awesome! I would rate them 5/5.
Trainer10,4,Trainer Trainer10 is great! I would rate them 4/5.
Trainer11,4,Trainer Trainer11 is great! I would rate them 4/5.
Trainer11,2,Trainer Trainer11 is not good! I would rate them 2/5.
Trainer11,2,Trainer Trainer11 is not good! I would rate them 2/5.
Trainer11,4,Trainer Trainer11 is great! I would rate them 4/5.
Trainer11,4,Trainer Trainer11 is great! I would rate them 4/5.
Trainer12,4,Trainer Trainer12 is great! I would rate them 4/5.
Trainer12,3,Trainer Trainer12 is good! I would rate them 3/5.
Trainer12,3,Trainer Trainer12 is good! I would rate them 3/5.
Trainer12,2,Trainer Trainer12 is not good! I would rate them 2/5.
Trainer12,2,Trainer Trainer12 is not good! I would rate them 2/5.
Trainer13,2,Trainer Trainer13 is not good! I would rate them 2/5.
Trainer13,3,Trainer Trainer13 is good! I would rate them 3/5.
Trainer13,3,Trainer Trainer13 is good! I would rate them 3/5.
Trainer13,1,Trainer Trainer13 is worst! I would rate them 1/5.
Trainer13,5,Trainer Trainer13 is perfect and awesome! I would rate them 5/5.
Trainer14,3,Trainer Trainer14 is good! I would rate them 3/5.
Trainer14,3,Trainer Trainer14 is good! I would rate them 3/5.
Trainer14,3,Trainer Trainer14 is good! I would rate them 3/5.
Trainer14,5,Trainer Trainer14 is perfect and awesome! I would rate them 5/5.
Trainer14,3,Trainer Trainer14 is good! I would rate them 3/5.
Trainer15,5,Trainer Trainer15 is perfect and awesome! I would rate them 5/5.
Trainer15,2,Trainer Trainer15 is not good! I would rate them 2/5.
Trainer15,1,Trainer Trainer15 is worst! I would rate them 1/5.
Trainer15,5,Trainer Trainer15 is perfect and awesome! I would rate them 5/5.
Trainer15,3,Trainer Trainer15 is good! I would rate them 3/5.
Trainer16,2,Trainer Trainer16 is not good! I would rate them 2/5.
Trainer16,2,Trainer Trainer16 is not good! I would rate them 2/5.
Trainer16,5,Trainer Trainer16 is perfect and awesome! I would rate them 5/5.
Trainer16,2,Trainer Trainer16 is not good! I would rate them 2/5.
Trainer16,1,Trainer Trainer16 is worst! I would rate them 1/5.
Trainer17,5,Trainer Trainer17 is perfect and awesome! I would rate them 5/5.
Trainer17,4,Trainer Trainer17 is great! I would rate them 4/5.
Trainer17,4,Trainer Trainer17 is great! I would rate them 4/5.
Trainer17,2,Trainer Trainer17 is not good! I would rate them 2/5.
Trainer17,1,Trainer Trainer17 is worst! I would rate them 1/5.
Trainer18,2,Trainer Trainer18 is not good! I would rate them 2/5.
Trainer18,2,Trainer Trainer18 is not good! I would rate them 2/5.
Trainer18,1,Trainer Trainer18 is worst! I would rate them 1/5.
Trainer18,2,Trainer Trainer18 is not good! I would rate them 2/5.
Trainer18,4,Trainer Trainer18 is great! I would rate them 4/5.
Trainer19,2,Trainer Trainer19 is not good! I would rate them 2/5.
Trainer19,4,Trainer Trainer19 is great! I would rate them 4/5.
Trainer19,4,Trainer Trainer19 is great! I would rate them 4/5.
Trainer19,1,Trainer Trainer19 is worst! I would rate them 1/5.
Trainer19,3,Trainer Trainer19 is good! I would rate them 3/5.
Trainer20,1,Trainer Trainer20 is worst! I would rate them 1/5.
Trainer20,3,Trainer Trainer20 is good! I would rate them 3/5.
Trainer20,5,Trainer Trainer20 is perfect and awesome! I would rate them 5/5.
Trainer20,5,Trainer Trainer20 is perfect and awesome! I would rate them 5/5.
Trainer20,5,Trainer Trainer20 is perfect and awesome! I would rate them 5/5.
Trainer21,4,Trainer Trainer21 is great! I would rate them 4/5.
Trainer21,1,Trainer Trainer21 is worst! I would rate them 1/5.
Trainer21,5,Trainer Trainer21 is perfect and awesome! I would rate them 5/5.
Trainer21,5,Trainer Trainer21 is perfect and awesome! I would rate them 5/5.
Trainer21,5,Trainer Trainer21 is perfect and awesome! I would rate them 5/5.
Trainer22,1,Trainer Trainer22 is worst! I would rate them 1/5.
Trainer22,1,Trainer Trainer22 is worst! I would rate them 1/5.
Trainer22,2,Trainer Trainer22 is not good! I would rate them 2/5.
Trainer22,3,Trainer Trainer22 is good! I would rate them 3/5.
Trainer22,2,Trainer Trainer22 is not good! I would rate them 2/5.
Trainer23,2,Trainer Trainer23 is not good! I would rate them 2/5.
Trainer23,5,Trainer Trainer23 is perfect and awesome! I would rate them 5/5.
Trainer23,5,Trainer Trainer23 is perfect and awesome! I would rate them 5/5.
Trainer23,3,Trainer Trainer23 is good! I would rate them 3/5.
Trainer23,4,Trainer Trainer23 is great! I would rate them 4/5.
Trainer24,3,Trainer Trainer24 is good! I would rate them 3/5.
Trainer24,3,Trainer Trainer24 is good! I would rate them 3/5.
Trainer24,3,Trainer Trainer24 is good! I would rate them 3/5.
Trainer24,2,Trainer Trainer24 is not good! I would rate them 2/5.
Trainer24,1,Trainer Trainer24 is worst! I would rate them 1/5.
Trainer25,3,Trainer Trainer25 is good! I would rate them 3/5.
Trainer25,1,Trainer Trainer25 is worst! I would rate them 1/5.
Trainer25,4,Trainer Trainer25 is great! I would rate them 4/5.
Trainer25,2,Trainer Trainer25 is not good! I would rate them 2/5.
Trainer25,1,Trainer Trainer25 is worst! I would rate them 1/5.
Trainer26,5,Trainer Trainer26 is perfect and awesome! I would rate them 5/5.
Trainer26,5,Trainer Trainer26 is perfect and awesome! I would rate them 5/5.
Trainer26,1,Trainer Trainer26 is worst! I would rate them 1/5.
Trainer26,1,Trainer Trainer26 is worst! I would rate them 1/5.
Trainer26,3,Trainer Trainer26 is good! I would rate them 3/5.
Trainer27,3,Trainer Trainer27 is good! I would rate them 3/5.
Trainer27,2,Trainer Trainer27 is not good! I would rate them 2/5.
Trainer27,5,Trainer Trainer27 is perfect and awesome! I would rate them 5/5.
Trainer27,4,Trainer Trainer27 is great! I would rate them 4/5.
Trainer27,1,Trainer Trainer27 is worst! I would rate them 1/5.
Trainer28,4,Trainer Trainer28 is great! I would rate them 4/5.
Trainer28,3,Trainer Trainer28 is good! I would rate them 3/5.
Trainer28,5,Trainer Trainer28 is perfect and awesome! I would rate them 5/5.
Trainer28,2,Trainer Trainer28 is not good! I would rate them 2/5.
Trainer28,3,Trainer Trainer28 is good! I would rate them 3/5.
Trainer29,1,Trainer Trainer29 is worst! I would rate them 1/5.
Trainer29,3,Trainer Trainer29 is good! I would rate them 3/5.
Trainer29,3,Trainer Trainer29 is good! I would rate them 3/5.
Trainer29,3,Trainer Trainer29 is good! I would rate them 3/5.
Trainer29,5,Trainer Trainer29 is perfect and awesome! I would rate them 5/5.
Trainer30,2,Trainer Trainer30 is not good! I would rate them 2/5.
Trainer30,2,Trainer Trainer30 is not good! I would rate them 2/5.
Trainer30,2,Trainer Trainer30 is not good! I would rate them 2/5.
Trainer30,2,Trainer Trainer30 is not good! I would rate them 2/5.
Trainer30,2,Trainer Trainer30 is not good! I would rate them 2/5.
Trainer31,1,Trainer Trainer31 is worst! I would rate them 1/5.
Trainer31,5,Trainer Trainer31 is perfect and awesome! I would rate them 5/5.
Trainer31,4,Trainer Trainer31 is great! I would rate them 4/5.
Trainer31,2,Trainer Trainer31 is not good! I would rate them 2/5.
Trainer31,5,Trainer Trainer31 is perfect and awesome! I would rate them 5/5.
Trainer32,2,Trainer Trainer32 is not good! I would rate them 2/5.
Trainer32,3,Trainer Trainer32 is good! I would rate them 3/5.
Trainer32,2,Trainer Trainer32 is not good! I would rate them 2/5.
Trainer32,3,Trainer Trainer32 is good! I would rate them 3/5.
Trainer32,5,Trainer Trainer32 is perfect and awesome! I would rate them 5/5.
Trainer33,3,Trainer Trainer33 is good! I would rate them 3/5.
Trainer33,2,Trainer Trainer33 is not good! I would rate them 2/5.
Trainer33,3,Trainer Trainer33 is good! I would rate them 3/5.
Trainer33,2,Trainer Trainer33 is not good! I would rate them 2/5.
Trainer33,2,Trainer Trainer33 is not good! I would rate them 2/5.
Trainer34,3,Trainer Trainer34 is good! I would rate them 3/5.
Trainer34,4,Trainer Trainer34 is great! I would rate them 4/5.
Trainer34,4,Trainer Trainer34 is great! I would rate them 4/5.
Trainer34,5,Trainer Trainer34 is perfect and awesome! I would rate them 5/5.
Trainer34,2,Trainer Trainer34 is not good! I would rate them 2/5.
Trainer35,1,Trainer Trainer35 is worst! I would rate them 1/5.
Trainer35,2,Trainer Trainer35 is not good! I would rate them 2/5.
Trainer35,5,Trainer Trainer35 is perfect and awesome! I would rate them 5/5.
Trainer35,2,Trainer Trainer35 is not good! I would rate them 2/5.
Trainer35,1,Trainer Trainer35 is worst! I would rate them 1/5.
Trainer36,2,Trainer Trainer36 is not good! I would rate them 2/5.
Trainer36,1,Trainer Trainer36 is worst! I would rate them 1/5.
Trainer36,1,Trainer Trainer36 is worst! I would rate them 1/5.
Trainer36,4,Trainer Trainer36 is great! I would rate them 4/5.
Trainer36,2,Trainer Trainer36 is not good! I would rate them 2/5.
Trainer37,2,Trainer Trainer37 is not good! I would rate them 2/5.
Trainer37,4,Trainer Trainer37 is great! I would rate them 4/5.
Trainer37,1,Trainer Trainer37 is worst! I would rate them 1/5.
Trainer37,5,Trainer Trainer37 is perfect and awesome! I would rate them 5/5.
Trainer37,4,Trainer Trainer37 is great! I would rate them 4/5.
Trainer38,5,Trainer Trainer38 is perfect and awesome! I would rate them 5/5.
Trainer38,4,Trainer Trainer38 is great! I would rate them 4/5.
Trainer38,1,Trainer Trainer38 is worst! I would rate them 1/5.
Trainer38,2,Trainer Trainer38 is not good! I would rate them 2/5.
Trainer38,3,Trainer Trainer38 is good! I would rate them 3/5.
Trainer39,1,Trainer Trainer39 is worst! I would rate them 1/5.
Trainer39,5,Trainer Trainer39 is perfect and awesome! I would rate them 5/5.
Trainer39,1,Trainer Trainer39 is worst! I would rate them 1/5.
Trainer39,4,Trainer Trainer39 is great! I would rate them 4/5.
Trainer39,3,Trainer Trainer39 is good! I would rate them 3/5.
Trainer40,5,Trainer Trainer40 is perfect and awesome! I would rate them 5/5.
Trainer40,5,Trainer Trainer40 is perfect and awesome! I would rate them 5/5.
Trainer40,2,Trainer Trainer40 is not good! I would rate them 2/5.
Trainer40,4,Trainer Trainer40 is great! I would rate them 4/5.
Trainer40,2,Trainer Trainer40 is not good! I would rate them 2/5.
Trainer41,5,Trainer Trainer41 is perfect and awesome! I would rate them 5/5.
Trainer41,4,Trainer Trainer41 is great! I would rate them 4/5.
Trainer41,5,Trainer Trainer41 is perfect and awesome! I would rate them 5/5.
Trainer41,4,Trainer Trainer41 is great! I would rate them 4/5.
Trainer41,3,Trainer Trainer41 is good! I would rate them 3/5.
Trainer42,5,Trainer Trainer42 is perfect and awesome! I would rate them 5/5.
Trainer42,3,Trainer Trainer42 is good! I would rate them 3/5.
Trainer42,5,Trainer Trainer42 is perfect and awesome! I would rate them 5/5.
Trainer42,1,Trainer Trainer42 is worst! I would rate them 1/5.
Trainer42,2,Trainer Trainer42 is not good! I would rate them 2/5.
Trainer43,2,Trainer Trainer43 is not good! I would rate them 2/5.
Trainer43,1,Trainer Trainer43 is worst! I would rate them 1/5.
Trainer43,1,Trainer Trainer43 is worst! I would rate them 1/5.
Trainer43,5,Trainer Trainer43 is perfect and awesome! I would rate them 5/5.
Trainer43,2,Trainer Trainer43 is not good! I would rate them 2/5.
Trainer44,4,Trainer Trainer44 is great! I would rate them 4/5.
Trainer44,3,Trainer Trainer44 is good! I would rate them 3/5.
Trainer44,2,Trainer Trainer44 is not good! I would rate them 2/5.
Trainer44,2,Trainer Trainer44 is not good! I would rate them 2/5.
Trainer44,5,Trainer Trainer44 is perfect and awesome! I would rate them 5/5.
Trainer45,2,Trainer Trainer45 is not good! I would rate them 2/5.
Trainer45,5,Trainer Trainer45 is perfect and awesome! I would rate them 5/5.
Trainer45,3,Trainer Trainer45 is good! I would rate them 3/5.
Trainer45,5,Trainer Trainer45 is perfect and awesome! I would rate them 5/5.
Trainer45,1,Trainer Trainer45 is worst! I would rate them 1/5.
Trainer46,5,Trainer Trainer46 is perfect and awesome! I would rate them 5/5.
Trainer46,2,Trainer Trainer46 is not good! I would rate them 2/5.
Trainer46,5,Trainer Trainer46 is perfect and awesome! I would rate them 5/5.
Trainer46,5,Trainer Trainer46 is perfect and awesome! I would rate them 5/5.
Trainer46,5,Trainer Trainer46 is perfect and awesome! I would rate them 5/5.
Trainer47,2,Trainer Trainer47 is not good! I would rate them 2/5.
Trainer47,4,Trainer Trainer47 is great! I would rate them 4/5.
Trainer47,3,Trainer Trainer47 is good! I would rate them 3/5.
Trainer47,5,Trainer Trainer47 is perfect and awesome! I would rate them 5/5.
Trainer47,2,Trainer Trainer47 is not good! I would rate them 2/5.
Trainer48,2,Trainer Trainer48 is not good! I would rate them 2/5.
Trainer48,4,Trainer Trainer48 is great! I would rate them 4/5.
Trainer48,2,Trainer Trainer48 is not good! I would rate them 2/5.
Trainer48,2,Trainer Trainer48 is not good! I would rate them 2/5.
Trainer48,1,Trainer Trainer48 is worst! I would rate them 1/5.
Trainer49,1,Trainer Trainer49 is worst! I would rate them 1/5.
Trainer49,4,Trainer Trainer49 is great! I would rate them 4/5.
Trainer49,1,Trainer Trainer49 is worst! I would rate them 1/5.
Trainer49,2,Trainer Trainer49 is not good! I would rate them 2/5.
Trainer49,3,Trainer Trainer49 is good! I would rate them 3/5.
Trainer50,2,Trainer Trainer50 is not good! I would rate them 2/5.
Trainer50,3,Trainer Trainer50 is good! I would rate them 3/5.
Trainer50,2,Trainer Trainer50 is not good! I would rate them 2/5.
Trainer50,3,Trainer Trainer50 is good! I would rate them 3/5.
Trainer50,4,Trainer Trainer50 is great! I would rate them 4/5.
